comparison,scenario,controller,seed,remaining_uL,seconds,status,violations
baseline,known,belief,100003,170.8075,49.3352,stopped,
baseline,shifted,belief,100020,175.4444,49.4190,stopped,
baseline,missing,belief,100037,847.9251,1.4000,stopped,
baseline,known,belief,100054,172.0668,49.5415,stopped,
baseline,shifted,belief,100071,272.9809,43.8193,stopped,
baseline,missing,belief,100088,855.4476,1.4000,stopped,
baseline,known,belief,100105,142.9473,49.1925,stopped,
baseline,shifted,belief,100122,132.1000,53.6564,completed,
baseline,missing,belief,100139,889.6476,1.4000,stopped,
baseline,known,belief,100156,187.7901,49.5956,stopped,
baseline,shifted,belief,100173,165.6859,49.4649,stopped,
baseline,missing,belief,100190,836.3413,1.4000,stopped,
baseline,known,belief,100207,198.0624,49.5409,stopped,
baseline,shifted,belief,100224,189.2239,49.5841,stopped,
baseline,missing,belief,100241,854.7820,1.4000,stopped,
baseline,known,belief,100258,148.6038,53.9019,completed,
baseline,shifted,belief,100275,275.5511,43.8111,stopped,
baseline,missing,belief,100292,866.4348,1.4000,stopped,
baseline,known,belief,100309,174.9158,48.9237,stopped,
baseline,shifted,belief,100326,132.8899,53.5736,completed,
baseline,missing,belief,100343,848.2617,1.4000,stopped,
baseline,known,belief,100360,169.0384,49.4684,stopped,
baseline,shifted,belief,100377,240.0666,43.8171,stopped,
baseline,missing,belief,100394,850.1931,1.4000,stopped,
baseline,known,belief,100411,171.0726,49.4337,stopped,
baseline,shifted,belief,100428,186.6257,49.5647,stopped,
baseline,missing,belief,100445,875.8480,1.4000,stopped,
baseline,known,belief,100462,256.3394,43.1249,stopped,
baseline,shifted,belief,100479,647.7795,16.4226,stopped,
baseline,missing,belief,100496,872.0572,1.4000,stopped,
baseline,known,belief,100513,140.9769,54.0631,completed,
baseline,shifted,belief,100530,543.1980,22.9305,stopped,
baseline,missing,belief,100547,847.4869,1.4000,stopped,
baseline,known,belief,100564,135.3776,54.0067,completed,
baseline,shifted,belief,100581,255.8350,43.8151,stopped,
baseline,missing,belief,100598,894.5330,1.4000,stopped,
baseline,known,belief,100615,192.3547,49.4722,stopped,
baseline,shifted,belief,100632,172.3450,49.1901,stopped,
baseline,missing,belief,100649,826.8909,1.4000,stopped,
baseline,known,belief,100666,201.3441,49.5908,stopped,
baseline,shifted,belief,100683,427.2680,30.1291,stopped,
baseline,missing,belief,100700,874.3765,1.4000,stopped,
baseline,known,belief,100717,198.5779,48.9179,stopped,
baseline,shifted,belief,100734,174.9477,49.4944,stopped,
baseline,missing,belief,100751,829.8307,1.4000,stopped,
baseline,known,belief,100768,155.4659,54.0547,completed,
baseline,shifted,belief,100785,184.7740,49.6340,stopped,
baseline,missing,belief,100802,859.9048,1.4000,stopped,
baseline,known,belief,100819,177.5073,49.3940,stopped,
baseline,shifted,belief,100836,672.1880,16.4208,stopped,
baseline,missing,belief,100853,833.2922,1.4000,stopped,
baseline,known,belief,100870,269.5852,43.1241,stopped,
baseline,shifted,belief,100887,190.7135,49.7839,stopped,
baseline,missing,belief,100904,852.6196,1.4000,stopped,
baseline,known,belief,100921,244.2340,43.1198,stopped,
baseline,shifted,belief,100938,207.7866,49.7346,stopped,
baseline,missing,belief,100955,858.6580,1.4000,stopped,
baseline,known,belief,100972,155.2208,55.6656,completed,
baseline,shifted,belief,100989,166.8833,49.3444,stopped,
baseline,missing,belief,101006,876.0608,1.4000,stopped,
baseline,known,belief,101023,147.3698,54.6967,completed,
baseline,shifted,belief,101040,371.3314,36.6120,stopped,
baseline,missing,belief,101057,836.9918,1.4000,stopped,
baseline,known,belief,101074,162.2471,48.7054,stopped,
baseline,shifted,belief,101091,298.8397,43.7769,stopped,
baseline,missing,belief,101108,832.2029,1.4000,stopped,
baseline,known,belief,101125,148.2343,53.6024,completed,
baseline,shifted,belief,101142,444.2843,30.1245,stopped,
baseline,missing,belief,101159,854.1099,1.4000,stopped,
baseline,known,belief,101176,285.2848,43.0952,stopped,
baseline,shifted,belief,101193,153.7023,53.7664,completed,
baseline,missing,belief,101210,885.7975,1.4000,stopped,
baseline,known,belief,101227,189.2304,48.3969,stopped,
baseline,shifted,belief,101244,197.0078,49.9737,violated,pellet-envelope
baseline,missing,belief,101261,834.4068,1.4000,stopped,
baseline,known,belief,101278,186.0837,48.8391,stopped,
baseline,shifted,belief,101295,637.1342,16.4483,stopped,
baseline,missing,belief,101312,850.8158,1.4000,stopped,
baseline,known,belief,101329,187.1784,49.4940,stopped,
baseline,shifted,belief,101346,169.1065,54.1354,completed,
baseline,missing,belief,101363,842.1925,1.4000,stopped,
baseline,known,belief,101380,168.7343,48.3739,stopped,
baseline,shifted,belief,101397,175.6194,50.0747,stopped,
baseline,missing,belief,101414,827.0034,1.4000,stopped,
baseline,known,belief,101431,158.1642,48.3887,completed,
baseline,shifted,belief,101448,205.6167,49.7723,stopped,
baseline,missing,belief,101465,865.6693,1.4000,stopped,
baseline,known,belief,101482,191.1909,49.4668,stopped,
baseline,shifted,belief,101499,162.8775,49.5338,stopped,
baseline,missing,belief,101516,871.9538,1.4000,stopped,
baseline,known,belief,101533,160.9803,49.1317,stopped,
baseline,shifted,belief,101550,274.9868,43.7964,stopped,
baseline,missing,belief,101567,841.1870,1.4000,stopped,
baseline,known,belief,101584,188.3456,49.5935,stopped,
baseline,shifted,belief,101601,255.8779,43.8263,stopped,
baseline,missing,belief,101618,830.5824,1.4000,stopped,
baseline,known,belief,101635,162.2436,49.3658,stopped,
baseline,shifted,belief,101652,545.6517,22.9315,stopped,
baseline,missing,belief,101669,840.9460,1.4000,stopped,
baseline,known,belief,101686,175.4988,49.4750,stopped,
baseline,shifted,belief,101703,178.2797,49.5393,stopped,
baseline,missing,belief,101720,858.9405,1.4000,stopped,
baseline,known,belief,101737,152.2238,54.1648,completed,
baseline,shifted,belief,101754,441.5156,30.1282,stopped,
baseline,missing,belief,101771,846.1066,1.4000,stopped,
baseline,known,belief,101788,154.0122,54.2128,completed,
baseline,shifted,belief,101805,169.5615,49.3972,stopped,
baseline,missing,belief,101822,832.3753,1.4000,stopped,
baseline,known,belief,101839,166.2979,49.4441,stopped,
baseline,shifted,belief,101856,673.6441,16.4569,stopped,
baseline,missing,belief,101873,845.1713,1.4000,stopped,
baseline,known,belief,101890,141.8097,53.8762,completed,
baseline,shifted,belief,101907,187.9162,49.4713,stopped,
baseline,missing,belief,101924,833.9172,1.4000,stopped,
baseline,known,belief,101941,177.9766,49.5189,stopped,
baseline,shifted,belief,101958,576.3531,22.8699,stopped,
baseline,missing,belief,101975,839.8477,1.4000,stopped,
baseline,known,belief,101992,179.7961,49.2819,stopped,
baseline,shifted,belief,102009,293.3392,43.8005,stopped,
baseline,missing,belief,102026,872.9919,1.4000,stopped,
baseline,known,belief,102043,179.1245,49.4668,stopped,
baseline,shifted,belief,102060,179.1256,49.3769,completed,
baseline,missing,belief,102077,851.6749,1.4000,stopped,
baseline,known,belief,102094,286.5976,43.1227,stopped,
baseline,shifted,belief,102111,242.0291,43.8218,stopped,
baseline,missing,belief,102128,864.5635,1.4000,stopped,
baseline,known,belief,102145,220.8206,49.5543,stopped,
baseline,shifted,belief,102162,253.5037,43.8267,stopped,
baseline,missing,belief,102179,854.0283,1.4000,stopped,
baseline,known,belief,102196,150.0661,48.5839,stopped,
baseline,shifted,belief,102213,185.8546,49.5584,stopped,
baseline,missing,belief,102230,871.4176,1.4000,stopped,
baseline,known,belief,102247,209.5662,48.7192,stopped,
baseline,shifted,belief,102264,264.4093,44.5118,stopped,
baseline,missing,belief,102281,852.6332,1.4000,stopped,
baseline,known,belief,102298,156.8183,49.6133,stopped,
baseline,shifted,belief,102315,178.9687,49.6129,stopped,
baseline,missing,belief,102332,845.7416,1.4000,stopped,
baseline,known,belief,102349,178.6641,49.5243,stopped,
baseline,shifted,belief,102366,258.6312,44.5249,stopped,
baseline,missing,belief,102383,854.1811,1.4000,stopped,
baseline,known,belief,102400,192.2879,49.5460,stopped,
baseline,shifted,belief,102417,264.7352,43.7903,stopped,
baseline,missing,belief,102434,804.8436,1.4000,stopped,
baseline,known,belief,102451,175.4794,49.2271,stopped,
baseline,shifted,belief,102468,301.1327,43.7820,stopped,
baseline,missing,belief,102485,822.6844,1.4000,stopped,
baseline,known,belief,102502,193.9180,48.7634,stopped,
baseline,shifted,belief,102519,192.8644,49.7562,stopped,
baseline,missing,belief,102536,822.9134,1.4000,stopped,
baseline,known,belief,102553,127.6183,54.1461,completed,
baseline,shifted,belief,102570,194.5023,49.7836,stopped,
baseline,missing,belief,102587,851.2787,1.4000,stopped,
baseline,known,belief,102604,138.4946,54.2746,completed,
baseline,shifted,belief,102621,150.3862,55.6731,completed,
baseline,missing,belief,102638,824.8908,1.4000,stopped,
baseline,known,belief,102655,172.9976,53.4493,completed,
baseline,shifted,belief,102672,820.9439,1.4000,stopped,
baseline,missing,belief,102689,846.8864,1.4000,stopped,
baseline,known,belief,102706,160.2587,53.7632,completed,
baseline,shifted,belief,102723,461.3343,30.0971,stopped,
baseline,missing,belief,102740,857.5692,1.4000,stopped,
baseline,known,belief,102757,186.3871,48.8322,stopped,
baseline,shifted,belief,102774,192.9241,49.8511,stopped,
baseline,missing,belief,102791,842.7182,1.4000,stopped,
baseline,known,belief,102808,172.6505,48.7536,stopped,
baseline,shifted,belief,102825,185.0106,49.5260,stopped,
baseline,missing,belief,102842,878.5677,1.4000,stopped,
baseline,known,belief,102859,139.5978,54.2663,completed,
baseline,shifted,belief,102876,847.0609,1.4000,stopped,
baseline,missing,belief,102893,832.0999,1.4000,stopped,
baseline,known,belief,102910,186.6015,49.5625,stopped,
baseline,shifted,belief,102927,186.6998,49.5547,stopped,
baseline,missing,belief,102944,844.0331,1.4000,stopped,
baseline,known,belief,102961,133.4966,54.6268,completed,
baseline,shifted,belief,102978,467.8629,30.1127,stopped,
baseline,missing,belief,102995,870.0526,1.4000,stopped,
baseline,known,belief,103012,178.7851,49.3556,stopped,
baseline,shifted,belief,103029,250.9333,44.5181,stopped,
baseline,missing,belief,103046,864.0681,1.4000,stopped,
baseline,known,belief,103063,180.6020,50.8652,stopped,
baseline,shifted,belief,103080,253.1760,43.8355,stopped,
baseline,missing,belief,103097,836.0347,1.4000,stopped,
baseline,known,belief,103114,207.9920,49.5972,stopped,
baseline,shifted,belief,103131,554.3342,22.9054,stopped,
baseline,missing,belief,103148,846.0979,1.4000,stopped,
baseline,known,belief,103165,189.3428,49.3351,stopped,
baseline,shifted,belief,103182,372.2281,36.5975,stopped,
baseline,missing,belief,103199,860.9698,1.4000,stopped,
baseline,known,belief,103216,189.5240,49.4301,stopped,
baseline,shifted,belief,103233,216.5925,49.4441,stopped,
baseline,missing,belief,103250,837.8688,1.4000,stopped,
baseline,known,belief,103267,207.2821,49.6762,stopped,
baseline,shifted,belief,103284,161.7701,49.5475,stopped,
baseline,missing,belief,103301,838.1863,1.4000,stopped,
baseline,known,belief,103318,193.3444,49.3325,stopped,
baseline,shifted,belief,103335,350.4248,36.5947,stopped,
baseline,missing,belief,103352,846.2871,1.4000,stopped,
baseline,known,belief,103369,126.7797,54.3280,completed,
baseline,shifted,belief,103386,620.7539,17.1137,stopped,
baseline,missing,belief,103403,849.4038,1.4000,stopped,
baseline,known,belief,103420,172.5039,48.4496,stopped,
baseline,shifted,belief,103437,174.4137,49.3065,stopped,
baseline,missing,belief,103454,845.3612,1.4000,stopped,
baseline,known,belief,103471,197.5216,50.1781,stopped,
baseline,shifted,belief,103488,266.1878,43.8219,stopped,
baseline,missing,belief,103505,841.0645,1.4000,stopped,
baseline,known,belief,103522,205.7525,49.4998,stopped,
baseline,shifted,belief,103539,622.1631,16.4248,stopped,
baseline,missing,belief,103556,840.0379,1.4000,stopped,
baseline,known,belief,103573,159.2008,54.9879,completed,
baseline,shifted,belief,103590,188.4877,49.7157,stopped,
baseline,missing,belief,103607,823.5644,1.4000,stopped,
baseline,known,belief,103624,165.3933,49.4557,stopped,
baseline,shifted,belief,103641,427.5693,30.1328,stopped,
baseline,missing,belief,103658,900.0367,1.4000,stopped,
baseline,known,belief,103675,197.7073,49.6799,stopped,
baseline,shifted,belief,103692,361.3286,36.6190,stopped,
baseline,missing,belief,103709,835.4638,1.4000,stopped,
baseline,known,belief,103726,127.7522,54.1003,completed,
baseline,shifted,belief,103743,748.8032,9.2045,stopped,
baseline,missing,belief,103760,841.8779,1.4000,stopped,
baseline,known,belief,103777,163.0758,49.2174,stopped,
baseline,shifted,belief,103794,635.9238,16.4359,stopped,
baseline,missing,belief,103811,893.8790,1.4000,stopped,
baseline,known,belief,103828,178.4492,49.5062,stopped,
baseline,shifted,belief,103845,193.2921,49.7700,stopped,
baseline,missing,belief,103862,833.1513,1.4000,stopped,
baseline,known,belief,103879,211.9077,49.2540,stopped,
baseline,shifted,belief,103896,235.3946,43.8263,stopped,
baseline,missing,belief,103913,885.9946,1.4000,stopped,
baseline,known,belief,103930,199.1265,48.6166,stopped,
baseline,shifted,belief,103947,155.8084,48.9521,completed,
baseline,missing,belief,103964,851.9450,1.4000,stopped,
baseline,known,belief,103981,188.2628,49.5205,stopped,
baseline,shifted,belief,103998,181.7359,49.7180,stopped,
baseline,missing,belief,104015,858.6479,1.4000,stopped,
baseline,known,belief,104032,156.0280,54.7860,completed,
baseline,shifted,belief,104049,536.5570,22.9141,stopped,
baseline,missing,belief,104066,872.9287,1.4000,stopped,
baseline,known,belief,104083,180.4297,49.2004,stopped,
baseline,shifted,belief,104100,269.3508,45.2163,stopped,
baseline,missing,belief,104117,887.3660,1.4000,stopped,
baseline,known,belief,104134,888.8442,1.4000,stopped,
baseline,shifted,belief,104151,156.4436,49.4449,stopped,
baseline,missing,belief,104168,874.4589,1.4000,stopped,
baseline,known,belief,104185,144.6818,54.4107,completed,
baseline,shifted,belief,104202,170.7985,49.3600,stopped,
baseline,missing,belief,104219,848.1437,1.4000,stopped,
baseline,known,belief,104236,195.7025,48.7188,stopped,
baseline,shifted,belief,104253,830.1741,1.4000,stopped,
baseline,missing,belief,104270,812.4289,1.4000,stopped,
baseline,known,belief,104287,181.8089,49.5384,stopped,
baseline,shifted,belief,104304,199.4902,49.8570,stopped,
baseline,missing,belief,104321,863.3293,1.4000,stopped,
baseline,known,belief,104338,174.6529,48.6670,stopped,
baseline,shifted,belief,104355,200.3000,49.4524,stopped,
baseline,missing,belief,104372,829.8918,1.4000,stopped,
baseline,known,belief,104389,195.8703,49.5556,stopped,
baseline,shifted,belief,104406,354.2580,36.6089,stopped,
baseline,missing,belief,104423,884.0888,1.4000,stopped,
baseline,known,belief,104440,177.7353,49.5153,stopped,
baseline,shifted,belief,104457,151.7267,49.3439,stopped,
baseline,missing,belief,104474,837.8463,1.4000,stopped,
baseline,known,belief,104491,172.1559,49.6471,stopped,
baseline,shifted,belief,104508,560.2018,22.9233,stopped,
baseline,missing,belief,104525,840.0807,1.4000,stopped,
baseline,known,belief,104542,163.7531,49.4153,stopped,
baseline,shifted,belief,104559,366.4133,36.5955,stopped,
baseline,missing,belief,104576,869.4676,1.4000,stopped,
baseline,known,belief,104593,182.5861,49.6561,stopped,
baseline,shifted,belief,104610,555.2562,22.9049,stopped,
baseline,missing,belief,104627,850.0866,1.4000,stopped,
baseline,known,belief,104644,175.9347,49.4218,stopped,
baseline,shifted,belief,104661,176.1992,49.3949,stopped,
baseline,missing,belief,104678,842.8003,1.4000,stopped,
baseline,known,belief,104695,180.5922,48.5933,stopped,
baseline,shifted,belief,104712,497.8489,30.0862,stopped,
baseline,missing,belief,104729,832.4657,1.4000,stopped,
baseline,known,belief,104746,178.7498,49.5253,stopped,
baseline,shifted,belief,104763,851.9491,1.4000,stopped,
baseline,missing,belief,104780,854.4764,1.4000,stopped,
baseline,known,belief,104797,140.6032,53.7989,completed,
baseline,shifted,belief,104814,175.6158,49.3051,stopped,
baseline,missing,belief,104831,840.9652,1.4000,stopped,
baseline,known,belief,104848,192.9333,48.7748,stopped,
baseline,shifted,belief,104865,267.0651,43.8168,stopped,
baseline,missing,belief,104882,858.1398,1.4000,stopped,
baseline,known,belief,104899,191.4231,49.5530,stopped,
baseline,shifted,belief,104916,373.1407,36.6208,stopped,
baseline,missing,belief,104933,849.8846,1.4000,stopped,
baseline,known,belief,104950,141.7675,54.5955,completed,
baseline,shifted,belief,104967,839.3208,1.4000,stopped,
baseline,missing,belief,104984,819.1825,1.4000,stopped,
baseline,known,belief,105001,181.9088,49.5465,stopped,
baseline,shifted,belief,105018,190.4017,50.1829,stopped,
baseline,missing,belief,105035,855.8399,1.4000,stopped,
baseline,known,belief,105052,206.9769,50.0104,violated,pellet-envelope
baseline,shifted,belief,105069,168.0059,50.8493,stopped,
baseline,missing,belief,105086,814.1220,1.4000,stopped,
baseline,known,belief,105103,174.9154,49.4274,stopped,
baseline,shifted,belief,105120,210.3753,49.8228,stopped,
baseline,missing,belief,105137,845.4650,1.4000,stopped,
baseline,known,belief,105154,186.3746,50.1937,stopped,
baseline,shifted,belief,105171,188.1760,49.2512,completed,
baseline,missing,belief,105188,841.5436,1.4000,stopped,
baseline,known,belief,105205,181.8912,49.3306,stopped,
baseline,shifted,belief,105222,182.4484,49.5923,stopped,
baseline,missing,belief,105239,845.8970,1.4000,stopped,
baseline,known,belief,105256,183.3824,49.2964,stopped,
baseline,shifted,belief,105273,176.1302,49.2843,stopped,
baseline,missing,belief,105290,822.4828,1.4000,stopped,
baseline,known,belief,105307,182.8732,49.4670,stopped,
baseline,shifted,belief,105324,855.3086,1.4000,stopped,
baseline,missing,belief,105341,857.1477,1.4000,stopped,
baseline,known,belief,105358,170.3478,49.4097,stopped,
baseline,shifted,belief,105375,237.8677,43.8140,stopped,
baseline,missing,belief,105392,858.5730,1.4000,stopped,
baseline,known,belief,105409,174.2815,49.5245,stopped,
baseline,shifted,belief,105426,192.6484,49.3890,stopped,
baseline,missing,belief,105443,832.7281,1.4000,stopped,
baseline,known,belief,105460,185.5957,48.6649,stopped,
baseline,shifted,belief,105477,457.1675,30.0929,stopped,
baseline,missing,belief,105494,873.0281,1.4000,stopped,
baseline,known,belief,105511,164.8850,48.2515,stopped,
baseline,shifted,belief,105528,209.2912,49.7297,stopped,
baseline,missing,belief,105545,849.1069,1.4000,stopped,
baseline,known,belief,105562,179.3693,48.7223,stopped,
baseline,shifted,belief,105579,165.1915,49.5631,stopped,
baseline,missing,belief,105596,827.0455,1.4000,stopped,
baseline,known,belief,105613,221.1752,50.1781,stopped,
baseline,shifted,belief,105630,673.2207,16.4118,stopped,
baseline,missing,belief,105647,831.1157,1.4000,stopped,
baseline,known,belief,105664,196.6358,49.3839,stopped,
baseline,shifted,belief,105681,198.0490,49.5072,stopped,
baseline,missing,belief,105698,815.8548,1.4000,stopped,
baseline,known,belief,105715,207.1315,49.4448,stopped,
baseline,shifted,belief,105732,190.2125,49.2954,stopped,
baseline,missing,belief,105749,892.8410,1.4000,stopped,
baseline,known,belief,105766,270.9212,43.8180,stopped,
baseline,shifted,belief,105783,851.5145,1.4000,stopped,
baseline,missing,belief,105800,892.1633,1.4000,stopped,
baseline,known,belief,105817,210.7790,49.6491,stopped,
baseline,shifted,belief,105834,371.4173,36.5960,stopped,
baseline,missing,belief,105851,824.1114,1.4000,stopped,
baseline,known,belief,105868,163.3797,54.0878,completed,
baseline,shifted,belief,105885,281.4351,43.8017,stopped,
baseline,missing,belief,105902,856.3108,1.4000,stopped,
baseline,known,belief,105919,136.0852,53.3250,completed,
baseline,shifted,belief,105936,178.8225,49.0472,stopped,
baseline,missing,belief,105953,869.3192,1.4000,stopped,
baseline,known,belief,105970,181.0716,48.5228,stopped,
baseline,shifted,belief,105987,197.9572,49.6431,stopped,
baseline,missing,belief,106004,882.6763,1.4000,stopped,
baseline,known,belief,106021,171.6630,49.4632,stopped,
baseline,shifted,belief,106038,259.0219,43.7993,stopped,
baseline,missing,belief,106055,830.3999,1.4000,stopped,
baseline,known,belief,106072,152.7045,53.2582,completed,
baseline,shifted,belief,106089,857.3486,1.4000,stopped,
baseline,missing,belief,106106,881.0008,1.4000,stopped,
baseline,known,belief,106123,182.0497,49.3959,stopped,
baseline,shifted,belief,106140,533.6617,22.9221,stopped,
baseline,missing,belief,106157,839.5017,1.4000,stopped,
baseline,known,belief,106174,197.1098,48.8821,stopped,
baseline,shifted,belief,106191,451.4715,30.1162,stopped,
baseline,missing,belief,106208,843.0558,1.4000,stopped,
baseline,known,belief,106225,154.6238,49.3473,stopped,
baseline,shifted,belief,106242,647.4518,17.1305,stopped,
baseline,missing,belief,106259,869.0892,1.4000,stopped,
baseline,known,belief,106276,167.1000,54.3769,completed,
baseline,shifted,belief,106293,213.8094,50.1404,stopped,
baseline,missing,belief,106310,849.7368,1.4000,stopped,
baseline,known,belief,106327,186.3753,49.5069,stopped,
baseline,shifted,belief,106344,450.3219,30.7979,stopped,
baseline,missing,belief,106361,825.7029,1.4000,stopped,
baseline,known,belief,106378,139.4124,54.4724,completed,
baseline,shifted,belief,106395,143.2547,54.2680,completed,
baseline,missing,belief,106412,876.9963,1.4000,stopped,
baseline,known,belief,106429,136.9935,54.0015,completed,
baseline,shifted,belief,106446,143.3831,54.3556,completed,
baseline,missing,belief,106463,834.2532,1.4000,stopped,
baseline,known,belief,106480,204.1345,50.2171,stopped,
baseline,shifted,belief,106497,351.9207,36.6285,stopped,
baseline,missing,belief,106514,842.2233,1.4000,stopped,
baseline,known,belief,106531,184.9879,49.4968,stopped,
baseline,shifted,belief,106548,190.9314,49.6331,stopped,
baseline,missing,belief,106565,861.6737,1.4000,stopped,
baseline,known,belief,106582,181.6422,49.6533,stopped,
baseline,shifted,belief,106599,171.1669,49.3243,stopped,
baseline,missing,belief,106616,836.7705,1.4000,stopped,
baseline,known,belief,106633,203.1162,48.9898,stopped,
baseline,shifted,belief,106650,475.9804,30.0868,stopped,
baseline,missing,belief,106667,861.1629,1.4000,stopped,
baseline,known,belief,106684,139.7805,53.6577,completed,
baseline,shifted,belief,106701,262.6250,43.8312,stopped,
baseline,missing,belief,106718,846.0938,1.4000,stopped,
baseline,known,belief,106735,193.4927,48.9491,stopped,
baseline,shifted,belief,106752,854.2011,1.4000,stopped,
baseline,missing,belief,106769,840.9948,1.4000,stopped,
baseline,known,belief,106786,172.8114,49.4744,stopped,
baseline,shifted,belief,106803,297.1640,43.7783,stopped,
baseline,missing,belief,106820,811.2428,1.4000,stopped,
baseline,known,belief,106837,196.6295,49.6750,stopped,
baseline,shifted,belief,106854,169.3275,50.2261,stopped,
baseline,missing,belief,106871,853.9644,1.4000,stopped,
baseline,known,belief,106888,172.5074,49.2439,stopped,
baseline,shifted,belief,106905,178.6332,49.3190,stopped,
baseline,missing,belief,106922,828.6078,1.4000,stopped,
baseline,known,belief,106939,186.2779,48.6743,stopped,
baseline,shifted,belief,106956,830.7394,1.4000,stopped,
baseline,missing,belief,106973,874.5593,1.4000,stopped,
baseline,known,belief,106990,275.8405,43.1034,stopped,
baseline,shifted,belief,107007,152.5377,53.0938,completed,
baseline,missing,belief,107024,841.4459,1.4000,stopped,
baseline,known,belief,107041,174.7274,49.5052,stopped,
baseline,shifted,belief,107058,823.9247,1.4000,stopped,
baseline,missing,belief,107075,854.0182,1.4000,stopped,
baseline,known,belief,107092,169.5174,49.4440,stopped,
baseline,shifted,belief,107109,257.7717,43.7948,stopped,
baseline,missing,belief,107126,844.9950,1.4000,stopped,
baseline,known,belief,107143,269.3962,43.1245,stopped,
baseline,shifted,belief,107160,840.2665,1.4000,stopped,
baseline,missing,belief,107177,829.0350,1.4000,stopped,
baseline,known,belief,107194,149.3144,54.0432,completed,
baseline,shifted,belief,107211,848.7814,1.4000,stopped,
baseline,missing,belief,107228,879.1468,1.4000,stopped,
baseline,known,belief,107245,179.8966,49.1986,stopped,
baseline,shifted,belief,107262,190.6319,49.4782,stopped,
baseline,missing,belief,107279,853.1058,1.4000,stopped,
baseline,known,belief,107296,199.6147,49.0552,stopped,
baseline,shifted,belief,107313,449.2309,30.1275,stopped,
baseline,missing,belief,107330,830.1260,1.4000,stopped,
baseline,known,belief,107347,205.4706,49.5757,stopped,
baseline,shifted,belief,107364,258.7641,43.1040,stopped,
baseline,missing,belief,107381,859.6468,1.4000,stopped,
baseline,known,belief,107398,194.7609,49.6051,stopped,
baseline,shifted,belief,107415,186.5934,49.6279,stopped,
baseline,missing,belief,107432,889.2994,1.4000,stopped,
baseline,known,belief,107449,155.8163,49.4558,stopped,
baseline,shifted,belief,107466,257.6140,43.8290,stopped,
baseline,missing,belief,107483,861.0315,1.4000,stopped,
baseline,known,belief,107500,180.1696,48.7906,stopped,
baseline,shifted,belief,107517,133.6998,54.3305,completed,
baseline,missing,belief,107534,851.7258,1.4000,stopped,
baseline,known,belief,107551,184.1165,49.2652,stopped,
baseline,shifted,belief,107568,662.2559,16.4098,stopped,
baseline,missing,belief,107585,838.0716,1.4000,stopped,
baseline,known,belief,107602,165.7203,49.5341,stopped,
baseline,shifted,belief,107619,290.1448,44.5011,stopped,
baseline,missing,belief,107636,844.3086,1.4000,stopped,
baseline,known,belief,107653,205.8558,48.8599,stopped,
baseline,shifted,belief,107670,353.6698,37.2837,stopped,
baseline,missing,belief,107687,840.6914,1.4000,stopped,
baseline,known,belief,107704,172.7457,49.0413,stopped,
baseline,shifted,belief,107721,185.2834,49.6349,stopped,
baseline,missing,belief,107738,847.9964,1.4000,stopped,
baseline,known,belief,107755,198.8708,49.5549,stopped,
baseline,shifted,belief,107772,341.2096,36.6401,stopped,
baseline,missing,belief,107789,891.5534,1.4000,stopped,
baseline,known,belief,107806,173.0363,49.1597,stopped,
baseline,shifted,belief,107823,556.9024,22.9001,stopped,
baseline,missing,belief,107840,862.6395,1.4000,stopped,
baseline,known,belief,107857,183.1305,49.5314,stopped,
baseline,shifted,belief,107874,259.8591,43.8119,stopped,
baseline,missing,belief,107891,842.3968,1.4000,stopped,
baseline,known,belief,107908,168.0969,49.2394,stopped,
baseline,shifted,belief,107925,444.0457,30.8510,stopped,
baseline,missing,belief,107942,836.3653,1.4000,stopped,
baseline,known,belief,107959,162.9516,49.5079,stopped,
baseline,shifted,belief,107976,658.7018,16.4218,stopped,
baseline,missing,belief,107993,802.1939,1.4000,stopped,
baseline,known,belief,108010,149.8172,53.6966,completed,
baseline,shifted,belief,108027,163.8332,50.1540,stopped,
baseline,missing,belief,108044,891.3186,1.4000,stopped,
baseline,known,belief,108061,202.8787,48.9403,stopped,
baseline,shifted,belief,108078,170.2749,49.1266,completed,
baseline,missing,belief,108095,851.7029,1.4000,stopped,
baseline,known,belief,108112,175.2995,49.3004,stopped,
baseline,shifted,belief,108129,378.4579,36.6001,stopped,
baseline,missing,belief,108146,864.7304,1.4000,stopped,
baseline,known,belief,108163,168.1751,49.4787,stopped,
baseline,shifted,belief,108180,302.7139,43.7987,stopped,
baseline,missing,belief,108197,877.2973,1.4000,stopped,
baseline,known,belief,108214,177.2976,49.5453,stopped,
baseline,shifted,belief,108231,757.7897,9.2155,stopped,
baseline,missing,belief,108248,829.0337,1.4000,stopped,
baseline,known,belief,108265,171.1351,49.3694,stopped,
baseline,shifted,belief,108282,789.1608,9.1923,stopped,
baseline,missing,belief,108299,872.9610,1.4000,stopped,
baseline,known,belief,108316,184.1049,49.5449,stopped,
baseline,shifted,belief,108333,648.0862,16.4164,stopped,
baseline,missing,belief,108350,834.1953,1.4000,stopped,
baseline,known,belief,108367,154.8828,53.6221,completed,
baseline,shifted,belief,108384,160.1863,48.9380,stopped,
baseline,missing,belief,108401,853.8017,1.4000,stopped,
baseline,known,belief,108418,184.8373,49.4185,stopped,
baseline,shifted,belief,108435,266.8646,44.4683,stopped,
baseline,missing,belief,108452,857.2421,1.4000,stopped,
baseline,known,belief,108469,183.4739,49.4224,stopped,
baseline,shifted,belief,108486,734.2582,9.2671,stopped,
baseline,missing,belief,108503,857.0712,1.4000,stopped,
baseline,known,belief,108520,169.4371,49.3095,stopped,
baseline,shifted,belief,108537,190.5728,49.7239,stopped,
baseline,missing,belief,108554,873.8156,1.4000,stopped,
baseline,known,belief,108571,162.2878,49.4792,stopped,
baseline,shifted,belief,108588,497.2971,30.0865,stopped,
baseline,missing,belief,108605,854.4957,1.4000,stopped,
baseline,known,belief,108622,166.0088,49.7066,stopped,
baseline,shifted,belief,108639,179.6920,49.7407,stopped,
baseline,missing,belief,108656,855.2787,1.4000,stopped,
baseline,known,belief,108673,179.5245,49.4220,stopped,
baseline,shifted,belief,108690,174.0758,49.3447,stopped,
optimized,known,belief,100003,164.3425,49.9137,stopped,
optimized,shifted,belief,100020,171.1178,49.9798,stopped,
optimized,missing,belief,100037,847.9251,1.4000,stopped,
optimized,known,belief,100054,165.3031,50.1958,stopped,
optimized,shifted,belief,100071,255.6770,45.0629,stopped,
optimized,missing,belief,100088,855.4476,1.4000,stopped,
optimized,known,belief,100105,142.6966,49.5618,stopped,
optimized,shifted,belief,100122,166.3427,50.1962,stopped,
optimized,missing,belief,100139,889.6476,1.4000,stopped,
optimized,known,belief,100156,134.9526,54.7258,completed,
optimized,shifted,belief,100173,160.3873,50.0817,stopped,
optimized,missing,belief,100190,836.3413,1.4000,stopped,
optimized,known,belief,100207,133.5512,55.1943,completed,
optimized,shifted,belief,100224,256.3070,45.0559,stopped,
optimized,missing,belief,100241,854.7820,1.4000,stopped,
optimized,known,belief,100258,137.9804,54.6840,completed,
optimized,shifted,belief,100275,133.5218,54.8776,completed,
optimized,missing,belief,100292,866.4348,1.4000,stopped,
optimized,known,belief,100309,169.1685,49.5077,stopped,
optimized,shifted,belief,100326,121.4058,54.4797,completed,
optimized,missing,belief,100343,848.2617,1.4000,stopped,
optimized,known,belief,100360,163.8239,50.0510,stopped,
optimized,shifted,belief,100377,308.5036,39.2161,stopped,
optimized,missing,belief,100394,850.1931,1.4000,stopped,
optimized,known,belief,100411,162.8787,50.0903,stopped,
optimized,shifted,belief,100428,121.9698,55.1040,completed,
optimized,missing,belief,100445,875.8480,1.4000,stopped,
optimized,known,belief,100462,118.5716,53.9625,completed,
optimized,shifted,belief,100479,584.4954,20.9800,stopped,
optimized,missing,belief,100496,872.0572,1.4000,stopped,
optimized,known,belief,100513,131.5466,54.8435,completed,
optimized,shifted,belief,100530,577.2370,20.9890,stopped,
optimized,missing,belief,100547,847.4869,1.4000,stopped,
optimized,known,belief,100564,128.4257,54.6727,completed,
optimized,shifted,belief,100581,165.9187,50.1217,stopped,
optimized,missing,belief,100598,894.5330,1.4000,stopped,
optimized,known,belief,100615,144.7569,54.0640,completed,
optimized,shifted,belief,100632,164.1381,50.0204,stopped,
optimized,missing,belief,100649,826.8909,1.4000,stopped,
optimized,known,belief,100666,130.0840,55.5878,completed,
optimized,shifted,belief,100683,473.0024,26.8345,stopped,
optimized,missing,belief,100700,874.3765,1.4000,stopped,
optimized,known,belief,100717,133.7770,54.6324,completed,
optimized,shifted,belief,100734,239.9394,45.0326,stopped,
optimized,missing,belief,100751,829.8307,1.4000,stopped,
optimized,known,belief,100768,140.0464,55.1418,completed,
optimized,shifted,belief,100785,139.3404,54.1425,completed,
optimized,missing,belief,100802,859.9048,1.4000,stopped,
optimized,known,belief,100819,173.1390,49.9483,stopped,
optimized,shifted,belief,100836,609.6149,20.9749,stopped,
optimized,missing,belief,100853,833.2922,1.4000,stopped,
optimized,known,belief,100870,179.0969,49.3438,stopped,
optimized,shifted,belief,100887,139.1189,54.8024,completed,
optimized,missing,belief,100904,852.6196,1.4000,stopped,
optimized,known,belief,100921,156.1629,49.3653,stopped,
optimized,shifted,belief,100938,140.9044,55.4719,completed,
optimized,missing,belief,100955,858.6580,1.4000,stopped,
optimized,known,belief,100972,156.1736,55.8086,completed,
optimized,shifted,belief,100989,228.3289,45.0215,stopped,
optimized,missing,belief,101006,876.0608,1.4000,stopped,
optimized,known,belief,101023,132.5145,55.6745,completed,
optimized,shifted,belief,101040,343.2693,39.1969,stopped,
optimized,missing,belief,101057,836.9918,1.4000,stopped,
optimized,known,belief,101074,162.8429,48.9708,stopped,
optimized,shifted,belief,101091,140.3623,55.8955,completed,
optimized,missing,belief,101108,832.2029,1.4000,stopped,
optimized,known,belief,101125,135.1951,54.5893,completed,
optimized,shifted,belief,101142,405.2592,32.6730,stopped,
optimized,missing,belief,101159,854.1099,1.4000,stopped,
optimized,known,belief,101176,267.8886,44.3402,stopped,
optimized,shifted,belief,101193,131.9237,55.2641,completed,
optimized,missing,belief,101210,885.7975,1.4000,stopped,
optimized,known,belief,101227,180.0067,49.2134,stopped,
optimized,shifted,belief,101244,147.9455,54.4694,completed,
optimized,missing,belief,101261,834.4068,1.4000,stopped,
optimized,known,belief,101278,129.7314,53.9530,completed,
optimized,shifted,belief,101295,571.8825,21.0006,stopped,
optimized,missing,belief,101312,850.8158,1.4000,stopped,
optimized,known,belief,101329,180.2988,50.1178,stopped,
optimized,shifted,belief,101346,136.7639,56.0606,completed,
optimized,missing,belief,101363,842.1925,1.4000,stopped,
optimized,known,belief,101380,312.2701,38.5395,stopped,
optimized,shifted,belief,101397,166.9083,50.7748,stopped,
optimized,missing,belief,101414,827.0034,1.4000,stopped,
optimized,known,belief,101431,159.2927,48.5387,completed,
optimized,shifted,belief,101448,275.1103,45.0443,stopped,
optimized,missing,belief,101465,865.6693,1.4000,stopped,
optimized,known,belief,101482,131.4318,54.7231,completed,
optimized,shifted,belief,101499,162.6069,49.7997,stopped,
optimized,missing,belief,101516,871.9538,1.4000,stopped,
optimized,known,belief,101533,165.4561,49.1875,stopped,
optimized,shifted,belief,101550,342.9976,39.1874,stopped,
optimized,missing,belief,101567,841.1870,1.4000,stopped,
optimized,known,belief,101584,137.6255,54.4239,completed,
optimized,shifted,belief,101601,237.8314,45.0395,stopped,
optimized,missing,belief,101618,830.5824,1.4000,stopped,
optimized,known,belief,101635,166.2667,49.5450,stopped,
optimized,shifted,belief,101652,493.2165,26.8338,stopped,
optimized,missing,belief,101669,840.9460,1.4000,stopped,
optimized,known,belief,101686,121.3033,54.3741,completed,
optimized,shifted,belief,101703,128.4135,54.3909,completed,
optimized,missing,belief,101720,858.9405,1.4000,stopped,
optimized,known,belief,101737,134.4431,55.2241,completed,
optimized,shifted,belief,101754,654.3109,14.4284,stopped,
optimized,missing,belief,101771,846.1066,1.4000,stopped,
optimized,known,belief,101788,130.5799,55.7296,completed,
optimized,shifted,belief,101805,162.7897,50.0800,stopped,
optimized,missing,belief,101822,832.3753,1.4000,stopped,
optimized,known,belief,101839,168.4983,49.7014,stopped,
optimized,shifted,belief,101856,526.0855,27.5748,stopped,
optimized,missing,belief,101873,845.1713,1.4000,stopped,
optimized,known,belief,101890,131.2387,54.6820,completed,
optimized,shifted,belief,101907,132.1968,54.4067,completed,
optimized,missing,belief,101924,833.9172,1.4000,stopped,
optimized,known,belief,101941,126.7749,54.4496,completed,
optimized,shifted,belief,101958,695.2715,14.4005,stopped,
optimized,missing,belief,101975,839.8477,1.4000,stopped,
optimized,known,belief,101992,172.1995,50.0806,stopped,
optimized,shifted,belief,102009,274.3636,45.0382,stopped,
optimized,missing,belief,102026,872.9919,1.4000,stopped,
optimized,known,belief,102043,172.8553,50.1548,stopped,
optimized,shifted,belief,102060,243.5632,44.9964,stopped,
optimized,missing,belief,102077,851.6749,1.4000,stopped,
optimized,known,belief,102094,144.0425,54.4890,completed,
optimized,shifted,belief,102111,228.2555,45.0082,stopped,
optimized,missing,belief,102128,864.5635,1.4000,stopped,
optimized,known,belief,102145,149.1750,55.7430,completed,
optimized,shifted,belief,102162,165.2088,49.9996,stopped,
optimized,missing,belief,102179,854.0283,1.4000,stopped,
optimized,known,belief,102196,149.1838,48.9582,stopped,
optimized,shifted,belief,102213,176.0139,50.2751,stopped,
optimized,missing,belief,102230,871.4176,1.4000,stopped,
optimized,known,belief,102247,202.6037,49.4390,stopped,
optimized,shifted,belief,102264,332.7418,39.9248,stopped,
optimized,missing,belief,102281,852.6332,1.4000,stopped,
optimized,known,belief,102298,152.1508,50.1898,stopped,
optimized,shifted,belief,102315,173.6409,50.2744,stopped,
optimized,missing,belief,102332,845.7416,1.4000,stopped,
optimized,known,belief,102349,122.0392,54.6882,completed,
optimized,shifted,belief,102366,326.9605,39.9194,stopped,
optimized,missing,belief,102383,854.1811,1.4000,stopped,
optimized,known,belief,102400,184.5835,50.1749,stopped,
optimized,shifted,belief,102417,332.7088,39.1857,stopped,
optimized,missing,belief,102434,804.8436,1.4000,stopped,
optimized,known,belief,102451,167.7289,49.8937,stopped,
optimized,shifted,belief,102468,140.9803,55.8360,completed,
optimized,missing,belief,102485,822.6844,1.4000,stopped,
optimized,known,belief,102502,133.1010,54.2300,completed,
optimized,shifted,belief,102519,144.9287,54.3962,completed,
optimized,missing,belief,102536,822.9134,1.4000,stopped,
optimized,known,belief,102553,121.2225,54.8940,completed,
optimized,shifted,belief,102570,265.2044,45.0531,stopped,
optimized,missing,belief,102587,851.2787,1.4000,stopped,
optimized,known,belief,102604,123.8279,55.2864,completed,
optimized,shifted,belief,102621,152.6364,55.8105,completed,
optimized,missing,belief,102638,824.8908,1.4000,stopped,
optimized,known,belief,102655,143.8786,55.2620,completed,
optimized,shifted,belief,102672,820.9439,1.4000,stopped,
optimized,missing,belief,102689,846.8864,1.4000,stopped,
optimized,known,belief,102706,145.2566,54.7024,completed,
optimized,shifted,belief,102723,507.1581,26.7953,stopped,
optimized,missing,belief,102740,857.5692,1.4000,stopped,
optimized,known,belief,102757,133.0096,53.8019,completed,
optimized,shifted,belief,102774,264.1346,45.0353,stopped,
optimized,missing,belief,102791,842.7182,1.4000,stopped,
optimized,known,belief,102808,165.8810,49.3710,stopped,
optimized,shifted,belief,102825,120.9586,55.1586,stopped,
optimized,missing,belief,102842,878.5677,1.4000,stopped,
optimized,known,belief,102859,119.8087,55.6328,completed,
optimized,shifted,belief,102876,847.0609,1.4000,stopped,
optimized,missing,belief,102893,832.0999,1.4000,stopped,
optimized,known,belief,102910,334.0969,39.2171,stopped,
optimized,shifted,belief,102927,180.5556,50.2428,stopped,
optimized,missing,belief,102944,844.0331,1.4000,stopped,
optimized,known,belief,102961,126.7714,55.1940,completed,
optimized,shifted,belief,102978,513.2509,26.8081,stopped,
optimized,missing,belief,102995,870.0526,1.4000,stopped,
optimized,known,belief,103012,171.8426,49.8613,stopped,
optimized,shifted,belief,103029,166.9208,50.6681,stopped,
optimized,missing,belief,103046,864.0681,1.4000,stopped,
optimized,known,belief,103063,116.4737,55.8593,completed,
optimized,shifted,belief,103080,237.8930,45.0132,stopped,
optimized,missing,belief,103097,836.0347,1.4000,stopped,
optimized,known,belief,103114,143.0186,55.2758,completed,
optimized,shifted,belief,103131,588.6660,20.9672,stopped,
optimized,missing,belief,103148,846.0979,1.4000,stopped,
optimized,known,belief,103165,177.4969,50.1491,stopped,
optimized,shifted,belief,103182,343.6851,39.1925,stopped,
optimized,missing,belief,103199,860.9698,1.4000,stopped,
optimized,known,belief,103216,180.8005,50.1034,stopped,
optimized,shifted,belief,103233,139.1291,55.6814,completed,
optimized,missing,belief,103250,837.8688,1.4000,stopped,
optimized,known,belief,103267,141.9281,55.3856,completed,
optimized,shifted,belief,103284,161.1092,49.8950,stopped,
optimized,missing,belief,103301,838.1863,1.4000,stopped,
optimized,known,belief,103318,186.0377,50.0191,stopped,
optimized,shifted,belief,103335,407.9632,32.6415,stopped,
optimized,missing,belief,103352,846.2871,1.4000,stopped,
optimized,known,belief,103369,112.0093,55.4277,completed,
optimized,shifted,belief,103386,559.8546,21.6627,stopped,
optimized,missing,belief,103403,849.4038,1.4000,stopped,
optimized,known,belief,103420,167.0696,49.0138,stopped,
optimized,shifted,belief,103437,164.8021,50.0565,stopped,
optimized,missing,belief,103454,845.3612,1.4000,stopped,
optimized,known,belief,103471,132.7029,56.6506,completed,
optimized,shifted,belief,103488,174.1919,50.2781,stopped,
optimized,missing,belief,103505,841.0645,1.4000,stopped,
optimized,known,belief,103522,150.3839,54.6381,completed,
optimized,shifted,belief,103539,644.9899,14.4279,stopped,
optimized,missing,belief,103556,840.0379,1.4000,stopped,
optimized,known,belief,103573,161.7582,55.0714,completed,
optimized,shifted,belief,103590,258.1960,45.0363,stopped,
optimized,missing,belief,103607,823.5644,1.4000,stopped,
optimized,known,belief,103624,157.4751,50.1650,stopped,
optimized,shifted,belief,103641,473.6105,26.8457,stopped,
optimized,missing,belief,103658,900.0367,1.4000,stopped,
optimized,known,belief,103675,134.8288,55.1717,completed,
optimized,shifted,belief,103692,330.7976,39.2149,stopped,
optimized,missing,belief,103709,835.4638,1.4000,stopped,
optimized,known,belief,103726,114.9704,55.0460,completed,
optimized,shifted,belief,103743,675.8109,14.4081,stopped,
optimized,missing,belief,103760,841.8779,1.4000,stopped,
optimized,known,belief,103777,163.3749,49.5441,stopped,
optimized,shifted,belief,103794,658.8387,14.4381,stopped,
optimized,missing,belief,103811,893.8790,1.4000,stopped,
optimized,known,belief,103828,171.6004,50.1284,stopped,
optimized,shifted,belief,103845,147.4286,54.3084,completed,
optimized,missing,belief,103862,833.1513,1.4000,stopped,
optimized,known,belief,103879,200.4680,50.1433,stopped,
optimized,shifted,belief,103896,303.6253,39.2238,stopped,
optimized,missing,belief,103913,885.9946,1.4000,stopped,
optimized,known,belief,103930,189.6306,49.3114,stopped,
optimized,shifted,belief,103947,296.1173,39.2436,stopped,
optimized,missing,belief,103964,851.9450,1.4000,stopped,
optimized,known,belief,103981,129.6167,54.8528,completed,
optimized,shifted,belief,103998,175.9107,50.3528,stopped,
optimized,missing,belief,104015,858.6479,1.4000,stopped,
optimized,known,belief,104032,157.2176,55.0201,completed,
optimized,shifted,belief,104049,570.5071,20.9843,stopped,
optimized,missing,belief,104066,872.9287,1.4000,stopped,
optimized,known,belief,104083,171.3592,49.9345,stopped,
optimized,shifted,belief,104100,254.1445,46.4116,stopped,
optimized,missing,belief,104117,887.3660,1.4000,stopped,
optimized,known,belief,104134,888.8442,1.4000,stopped,
optimized,shifted,belief,104151,155.7924,49.7074,completed,
optimized,missing,belief,104168,874.4589,1.4000,stopped,
optimized,known,belief,104185,128.6994,55.6342,completed,
optimized,shifted,belief,104202,233.8302,45.0250,stopped,
optimized,missing,belief,104219,848.1437,1.4000,stopped,
optimized,known,belief,104236,189.5523,49.3371,stopped,
optimized,shifted,belief,104253,830.1741,1.4000,stopped,
optimized,missing,belief,104270,812.4289,1.4000,stopped,
optimized,known,belief,104287,129.8514,54.3293,completed,
optimized,shifted,belief,104304,145.4599,54.9479,completed,
optimized,missing,belief,104321,863.3293,1.4000,stopped,
optimized,known,belief,104338,165.3311,49.3152,stopped,
optimized,shifted,belief,104355,191.1674,50.0907,stopped,
optimized,missing,belief,104372,829.8918,1.4000,stopped,
optimized,known,belief,104389,136.6944,54.9029,completed,
optimized,shifted,belief,104406,326.2788,39.2053,stopped,
optimized,missing,belief,104423,884.0888,1.4000,stopped,
optimized,known,belief,104440,171.5009,50.1470,stopped,
optimized,shifted,belief,104457,300.6732,39.2230,stopped,
optimized,missing,belief,104474,837.8463,1.4000,stopped,
optimized,known,belief,104491,167.1767,50.1965,stopped,
optimized,shifted,belief,104508,594.1430,20.9762,stopped,
optimized,missing,belief,104525,840.0807,1.4000,stopped,
optimized,known,belief,104542,162.9008,49.8138,completed,
optimized,shifted,belief,104559,115.4127,55.1760,completed,
optimized,missing,belief,104576,869.4676,1.4000,stopped,
optimized,known,belief,104593,123.5185,54.9915,completed,
optimized,shifted,belief,104610,503.4292,26.8006,stopped,
optimized,missing,belief,104627,850.0866,1.4000,stopped,
optimized,known,belief,104644,169.6097,50.0306,stopped,
optimized,shifted,belief,104661,170.1627,50.0009,stopped,
optimized,missing,belief,104678,842.8003,1.4000,stopped,
optimized,known,belief,104695,170.5412,49.4389,stopped,
optimized,shifted,belief,104712,543.2948,26.7843,stopped,
optimized,missing,belief,104729,832.4657,1.4000,stopped,
optimized,known,belief,104746,173.7756,50.0613,stopped,
optimized,shifted,belief,104763,851.9491,1.4000,stopped,
optimized,missing,belief,104780,854.4764,1.4000,stopped,
optimized,known,belief,104797,126.1131,54.8872,completed,
optimized,shifted,belief,104814,165.3379,50.1084,stopped,
optimized,missing,belief,104831,840.9652,1.4000,stopped,
optimized,known,belief,104848,135.5550,54.0669,completed,
optimized,shifted,belief,104865,247.6751,45.0503,stopped,
optimized,missing,belief,104882,858.1398,1.4000,stopped,
optimized,known,belief,104899,184.4320,50.1170,stopped,
optimized,shifted,belief,104916,344.5238,39.2168,stopped,
optimized,missing,belief,104933,849.8846,1.4000,stopped,
optimized,known,belief,104950,130.0717,55.4681,completed,
optimized,shifted,belief,104967,839.3208,1.4000,stopped,
optimized,missing,belief,104984,819.1825,1.4000,stopped,
optimized,known,belief,105001,176.6701,50.1416,stopped,
optimized,shifted,belief,105018,182.8057,50.7508,stopped,
optimized,missing,belief,105035,855.8399,1.4000,stopped,
optimized,known,belief,105052,136.0656,55.6463,completed,
optimized,shifted,belief,105069,162.4102,50.7054,stopped,
optimized,missing,belief,105086,814.1220,1.4000,stopped,
optimized,known,belief,105103,170.5273,50.0030,stopped,
optimized,shifted,belief,105120,146.5372,55.4897,completed,
optimized,missing,belief,105137,845.4650,1.4000,stopped,
optimized,known,belief,105154,135.5443,55.1479,completed,
optimized,shifted,belief,105171,183.2016,49.7507,stopped,
optimized,missing,belief,105188,841.5436,1.4000,stopped,
optimized,known,belief,105205,171.9766,50.0565,stopped,
optimized,shifted,belief,105222,123.8771,54.9371,completed,
optimized,missing,belief,105239,845.8970,1.4000,stopped,
optimized,known,belief,105256,173.5950,50.0421,stopped,
optimized,shifted,belief,105273,115.0063,54.5510,completed,
optimized,missing,belief,105290,822.4828,1.4000,stopped,
optimized,known,belief,105307,130.4910,54.3806,completed,
optimized,shifted,belief,105324,855.3086,1.4000,stopped,
optimized,missing,belief,105341,857.1477,1.4000,stopped,
optimized,known,belief,105358,163.3231,49.9610,stopped,
optimized,shifted,belief,105375,161.2486,49.5068,stopped,
optimized,missing,belief,105392,858.5730,1.4000,stopped,
optimized,known,belief,105409,122.5608,54.5549,completed,
optimized,shifted,belief,105426,186.9297,49.9619,stopped,
optimized,missing,belief,105443,832.7281,1.4000,stopped,
optimized,known,belief,105460,175.3804,49.3258,stopped,
optimized,shifted,belief,105477,417.9268,32.6422,stopped,
optimized,missing,belief,105494,873.0281,1.4000,stopped,
optimized,known,belief,105511,167.1401,48.4194,completed,
optimized,shifted,belief,105528,140.4882,55.7083,completed,
optimized,missing,belief,105545,849.1069,1.4000,stopped,
optimized,known,belief,105562,172.7899,49.4113,stopped,
optimized,shifted,belief,105579,161.8272,50.0778,stopped,
optimized,missing,belief,105596,827.0455,1.4000,stopped,
optimized,known,belief,105613,152.0203,55.3485,completed,
optimized,shifted,belief,105630,609.8314,20.9642,stopped,
optimized,missing,belief,105647,831.1157,1.4000,stopped,
optimized,known,belief,105664,190.4195,49.9432,stopped,
optimized,shifted,belief,105681,124.9058,55.4605,completed,
optimized,missing,belief,105698,815.8548,1.4000,stopped,
optimized,known,belief,105715,147.3066,54.7876,completed,
optimized,shifted,belief,105732,251.9508,44.9889,stopped,
optimized,missing,belief,105749,892.8410,1.4000,stopped,
optimized,known,belief,105766,129.1892,55.1079,completed,
optimized,shifted,belief,105783,851.5145,1.4000,stopped,
optimized,missing,belief,105800,892.1633,1.4000,stopped,
optimized,known,belief,105817,148.2357,55.0402,completed,
optimized,shifted,belief,105834,343.6882,39.1951,stopped,
optimized,missing,belief,105851,824.1114,1.4000,stopped,
optimized,known,belief,105868,141.5936,55.4235,completed,
optimized,shifted,belief,105885,267.2301,45.0557,stopped,
optimized,missing,belief,105902,856.3108,1.4000,stopped,
optimized,known,belief,105919,127.1527,54.0235,completed,
optimized,shifted,belief,105936,172.0299,49.6457,stopped,
optimized,missing,belief,105953,869.3192,1.4000,stopped,
optimized,known,belief,105970,172.4244,49.2287,stopped,
optimized,shifted,belief,105987,129.4614,55.4493,completed,
optimized,missing,belief,106004,882.6763,1.4000,stopped,
optimized,known,belief,106021,166.1123,50.1160,stopped,
optimized,shifted,belief,106038,112.4334,55.0328,completed,
optimized,missing,belief,106055,830.3999,1.4000,stopped,
optimized,known,belief,106072,139.5742,54.3114,completed,
optimized,shifted,belief,106089,857.3486,1.4000,stopped,
optimized,missing,belief,106106,881.0008,1.4000,stopped,
optimized,known,belief,106123,173.5196,50.0959,stopped,
optimized,shifted,belief,106140,567.7437,20.9770,stopped,
optimized,missing,belief,106157,839.5017,1.4000,stopped,
optimized,known,belief,106174,138.9828,54.0982,completed,
optimized,shifted,belief,106191,327.7082,39.2171,stopped,
optimized,missing,belief,106208,843.0558,1.4000,stopped,
optimized,known,belief,106225,151.2024,49.7905,stopped,
optimized,shifted,belief,106242,587.3282,22.3835,stopped,
optimized,missing,belief,106259,869.0892,1.4000,stopped,
optimized,known,belief,106276,148.5673,55.5957,completed,
optimized,shifted,belief,106293,206.4325,50.1453,stopped,
optimized,missing,belief,106310,849.7368,1.4000,stopped,
optimized,known,belief,106327,119.8796,55.0508,completed,
optimized,shifted,belief,106344,410.9233,33.3458,stopped,
optimized,missing,belief,106361,825.7029,1.4000,stopped,
optimized,known,belief,106378,125.4647,55.5286,completed,
optimized,shifted,belief,106395,133.0537,55.1102,completed,
optimized,missing,belief,106412,876.9963,1.4000,stopped,
optimized,known,belief,106429,127.5705,54.6866,completed,
optimized,shifted,belief,106446,128.0160,55.4756,completed,
optimized,missing,belief,106463,834.2532,1.4000,stopped,
optimized,known,belief,106480,148.0166,55.3365,completed,
optimized,shifted,belief,106497,408.1180,32.6756,stopped,
optimized,missing,belief,106514,842.2233,1.4000,stopped,
optimized,known,belief,106531,177.3340,50.0942,stopped,
optimized,shifted,belief,106548,183.3238,50.2911,stopped,
optimized,missing,belief,106565,861.6737,1.4000,stopped,
optimized,known,belief,106582,334.4164,39.2076,stopped,
optimized,shifted,belief,106599,159.7775,50.0525,stopped,
optimized,missing,belief,106616,836.7705,1.4000,stopped,
optimized,known,belief,106633,137.2423,54.7885,completed,
optimized,shifted,belief,106650,521.7768,26.7829,stopped,
optimized,missing,belief,106667,861.1629,1.4000,stopped,
optimized,known,belief,106684,129.0067,54.4613,completed,
optimized,shifted,belief,106701,174.2157,50.1555,stopped,
optimized,missing,belief,106718,846.0938,1.4000,stopped,
optimized,known,belief,106735,186.8933,49.4885,stopped,
optimized,shifted,belief,106752,854.2011,1.4000,stopped,
optimized,missing,belief,106769,840.9948,1.4000,stopped,
optimized,known,belief,106786,168.2477,50.0020,stopped,
optimized,shifted,belief,106803,133.2657,55.9219,completed,
optimized,missing,belief,106820,811.2428,1.4000,stopped,
optimized,known,belief,106837,133.9927,55.0485,completed,
optimized,shifted,belief,106854,158.5165,50.9628,stopped,
optimized,missing,belief,106871,853.9644,1.4000,stopped,
optimized,known,belief,106888,159.8080,50.1514,stopped,
optimized,shifted,belief,106905,170.7635,49.9330,stopped,
optimized,missing,belief,106922,828.6078,1.4000,stopped,
optimized,known,belief,106939,181.8269,49.3172,stopped,
optimized,shifted,belief,106956,830.7394,1.4000,stopped,
optimized,missing,belief,106973,874.5593,1.4000,stopped,
optimized,known,belief,106990,128.2781,54.4180,completed,
optimized,shifted,belief,107007,139.5487,54.0453,completed,
optimized,missing,belief,107024,841.4459,1.4000,stopped,
optimized,known,belief,107041,168.3942,50.1042,stopped,
optimized,shifted,belief,107058,823.9247,1.4000,stopped,
optimized,missing,belief,107075,854.0182,1.4000,stopped,
optimized,known,belief,107092,163.9619,50.0259,stopped,
optimized,shifted,belief,107109,112.5952,55.1473,completed,
optimized,missing,belief,107126,844.9950,1.4000,stopped,
optimized,known,belief,107143,181.7433,49.4565,stopped,
optimized,shifted,belief,107160,840.2665,1.4000,stopped,
optimized,missing,belief,107177,829.0350,1.4000,stopped,
optimized,known,belief,107194,135.1151,55.0497,completed,
optimized,shifted,belief,107211,848.7814,1.4000,stopped,
optimized,missing,belief,107228,879.1468,1.4000,stopped,
optimized,known,belief,107245,171.7192,49.8596,stopped,
optimized,shifted,belief,107262,255.3013,45.0327,stopped,
optimized,missing,belief,107279,853.1058,1.4000,stopped,
optimized,known,belief,107296,185.9800,49.9261,stopped,
optimized,shifted,belief,107313,663.5653,14.4244,stopped,
optimized,missing,belief,107330,830.1260,1.4000,stopped,
optimized,known,belief,107347,135.1910,55.3060,completed,
optimized,shifted,belief,107364,107.1690,54.5507,completed,
optimized,missing,belief,107381,859.6468,1.4000,stopped,
optimized,known,belief,107398,129.6666,55.2955,completed,
optimized,shifted,belief,107415,338.4744,39.1999,stopped,
optimized,missing,belief,107432,889.2994,1.4000,stopped,
optimized,known,belief,107449,157.1789,49.7194,stopped,
optimized,shifted,belief,107466,241.1958,45.0425,stopped,
optimized,missing,belief,107483,861.0315,1.4000,stopped,
optimized,known,belief,107500,176.3262,49.4373,stopped,
optimized,shifted,belief,107517,253.6988,45.0500,stopped,
optimized,missing,belief,107534,851.7258,1.4000,stopped,
optimized,known,belief,107551,179.4359,49.8264,stopped,
optimized,shifted,belief,107568,599.9857,20.9630,stopped,
optimized,missing,belief,107585,838.0716,1.4000,stopped,
optimized,known,belief,107602,159.4863,50.1207,stopped,
optimized,shifted,belief,107619,135.0792,56.1432,completed,
optimized,missing,belief,107636,844.3086,1.4000,stopped,
optimized,known,belief,107653,201.5525,50.1351,stopped,
optimized,shifted,belief,107670,411.0200,33.3337,stopped,
optimized,missing,belief,107687,840.6914,1.4000,stopped,
optimized,known,belief,107704,165.1985,49.6387,stopped,
optimized,shifted,belief,107721,178.0784,50.2836,stopped,
optimized,missing,belief,107738,847.9964,1.4000,stopped,
optimized,known,belief,107755,194.1370,50.1429,stopped,
optimized,shifted,belief,107772,312.7011,39.2351,stopped,
optimized,missing,belief,107789,891.5534,1.4000,stopped,
optimized,known,belief,107806,160.6144,50.0377,stopped,
optimized,shifted,belief,107823,591.0511,20.9614,stopped,
optimized,missing,belief,107840,862.6395,1.4000,stopped,
optimized,known,belief,107857,177.3530,50.1451,stopped,
optimized,shifted,belief,107874,169.0367,50.1786,stopped,
optimized,missing,belief,107891,842.3968,1.4000,stopped,
optimized,known,belief,107908,170.1112,49.4645,stopped,
optimized,shifted,belief,107925,402.1528,33.3954,stopped,
optimized,missing,belief,107942,836.3653,1.4000,stopped,
optimized,known,belief,107959,159.9827,49.8755,stopped,
optimized,shifted,belief,107976,597.7305,20.9748,stopped,
optimized,missing,belief,107993,802.1939,1.4000,stopped,
optimized,known,belief,108010,132.7219,54.8291,completed,
optimized,shifted,belief,108027,155.0949,51.1847,violated,pellet-envelope
optimized,missing,belief,108044,891.3186,1.4000,stopped,
optimized,known,belief,108061,142.2024,54.3825,completed,
optimized,shifted,belief,108078,184.7913,48.6675,completed,
optimized,missing,belief,108095,851.7029,1.4000,stopped,
optimized,known,belief,108112,167.2406,49.9468,stopped,
optimized,shifted,belief,108129,350.0719,39.1957,stopped,
optimized,missing,belief,108146,864.7304,1.4000,stopped,
optimized,known,belief,108163,171.5944,49.5221,stopped,
optimized,shifted,belief,108180,370.3639,39.1945,stopped,
optimized,missing,belief,108197,877.2973,1.4000,stopped,
optimized,known,belief,108214,124.5423,54.3842,completed,
optimized,shifted,belief,108231,769.3399,8.5708,stopped,
optimized,missing,belief,108248,829.0337,1.4000,stopped,
optimized,known,belief,108265,166.1376,49.9630,stopped,
optimized,shifted,belief,108282,800.3748,8.5476,stopped,
optimized,missing,belief,108299,872.9610,1.4000,stopped,
optimized,known,belief,108316,178.0359,50.8780,stopped,
optimized,shifted,belief,108333,670.9436,14.4197,stopped,
optimized,missing,belief,108350,834.1953,1.4000,stopped,
optimized,known,belief,108367,138.1310,54.7986,completed,
optimized,shifted,belief,108384,144.0169,50.0226,stopped,
optimized,missing,belief,108401,853.8017,1.4000,stopped,
optimized,known,belief,108418,133.7107,54.2551,completed,
optimized,shifted,belief,108435,125.6018,55.7754,completed,
optimized,missing,belief,108452,857.2421,1.4000,stopped,
optimized,known,belief,108469,128.7435,54.5303,completed,
optimized,shifted,belief,108486,745.4184,8.6224,stopped,
optimized,missing,belief,108503,857.0712,1.4000,stopped,
optimized,known,belief,108520,159.7846,49.9539,stopped,
optimized,shifted,belief,108537,259.9182,45.0585,stopped,
optimized,missing,belief,108554,873.8156,1.4000,stopped,
optimized,known,belief,108571,167.7423,49.4763,stopped,
optimized,shifted,belief,108588,542.4746,26.7840,stopped,
optimized,missing,belief,108605,854.4957,1.4000,stopped,
optimized,known,belief,108622,170.8122,49.1180,completed,
optimized,shifted,belief,108639,133.4644,54.5149,completed,
optimized,missing,belief,108656,855.2787,1.4000,stopped,
optimized,known,belief,108673,171.9133,50.1464,stopped,
optimized,shifted,belief,108690,236.3676,45.0439,stopped,